id;name;pastedlink
1;Assistant generating Awesome;Solutions Rubber
2;systems Global;online Auto Loan Account
3;Functionality e-commerce programming;Metal
4;Fundamental Computers implementation;Reverse-engineered
5;revolutionary;Cotton copy
6;Handmade Plastic Pizza mint green;Dynamic Rustic Frozen Sausages overriding
7;sexy interactive system-worthy;National card
8;Handcrafted Metal Chicken;backing up
9;Quality copying;Legacy Corporate
10;Christmas Island bypassing;Rand Loti system Rustic Cotton Bacon
